{
    "1": {
        "F_bv_Rd_N": [
            141120.0,
            "d:20, fub:800.0, A:245.0, gM2:1.25"
        ],
        "F_bb_Rd_edge_N": [
            55457.85123966943,
            "d:20, d0:22, f.ub:800.0, f.u:360.0, t:10.0, e1:30.0>26.40, e2:30.0>26.40, k1:2.12, a_b:0.45, gM2:1.25"
        ],
        "F_bb_Rd_inner_N": [
            80413.88429752066,
            "d:20, d0:22, f.ub:800.0, f.u:360.0, t:10.0, p1:60.0>48.40, p2:60.0>52.80, k1:2.12, a_b:0.66, gM2:1.25"
        ],
        "F_bt_Rd_N": [
            141120.0,
            "d:20, fub:800.0, A:245.0, gM2:1.25"
        ],
        "B_bt_Rd_N": [
            175799.808,
            "d:20, d0:22, dbm:32.4, f.ub:800.0, f.u:360.0, t:10.0, e1:30.0>26.40, e2:30.0>26.40, p1:60.0>48.40, p2:60.0>52.80, res:175799.81, delta:1.00, gM2:1.25"
        ],
        "Vmin_N": 55457.85123966943,
        "Tmin_N": 141120.0,
        "F_t_Ed_N": 85.25041490793228,
        "F_v_Ed_N": 0.0,
        "uf_t": 0.0006040987450958921,
        "uf_v": 0.0,
        "result": "OK"
    },
    "2": {
        "F_bv_Rd_N": [
            141120.0,
            "d:20, fub:800.0, A:245.0, gM2:1.25"
        ],
        "F_bb_Rd_edge_N": [
            55457.85123966943,
            "d:20, d0:22, f.ub:800.0, f.u:360.0, t:10.0, e1:30.0>26.40, e2:30.0>26.40, k1:2.12, a_b:0.45, gM2:1.25"
        ],
        "F_bb_Rd_inner_N": [
            80413.88429752066,
            "d:20, d0:22, f.ub:800.0, f.u:360.0, t:10.0, p1:60.0>48.40, p2:60.0>52.80, k1:2.12, a_b:0.66, gM2:1.25"
        ],
        "F_bt_Rd_N": [
            141120.0,
            "d:20, fub:800.0, A:245.0, gM2:1.25"
        ],
        "B_bt_Rd_N": [
            175799.808,
            "d:20, d0:22, dbm:32.4, f.ub:800.0, f.u:360.0, t:10.0, e1:30.0>26.40, e2:30.0>26.40, p1:60.0>48.40, p2:60.0>52.80, res:175799.81, delta:1.00, gM2:1.25"
        ],
        "Vmin_N": 55457.85123966943,
        "Tmin_N": 141120.0,
        "F_t_Ed_N": 19843.9884185791,
        "F_v_Ed_N": 0.0,
        "uf_t": 0.1406178317643077,
        "uf_v": 0.0,
        "result": "OK"
    },
    "3": {
        "F_bv_Rd_N": [
            48556.8,
            "d:12, fub:800.0, A:84.3, gM2:1.25"
        ],
        "F_bb_Rd_edge_N": [
            66461.53846153847,
            "d:12, d0:13, f.ub:800.0, f.u:360.0, t:10.0, e1:30.0>15.60, e2:30.0>15.60, k1:2.50, a_b:0.77, gM2:1.25"
        ],
        "F_bb_Rd_inner_N": [
            86400.0,
            "d:12, d0:13, f.ub:800.0, f.u:360.0, t:10.0, p1:60.0>28.60, p2:60.0>31.20, k1:2.50, a_b:1.00, gM2:1.25"
        ],
        "F_bt_Rd_N": [
            48556.8,
            "d:12, fub:800.0, A:84.3, gM2:1.25"
        ],
        "B_bt_Rd_N": [
            111231.36000000002,
            "d:12, d0:13, dbm:20.5, f.ub:800.0, f.u:360.0, t:10.0, e1:30.0>15.60, e2:30.0>15.60, p1:60.0>28.60, p2:60.0>31.20, res:111231.36, delta:1.00, gM2:1.25"
        ],
        "Vmin_N": 48556.8,
        "Tmin_N": 48556.8,
        "F_t_Ed_N": 85.25041490793228,
        "F_v_Ed_N": 0.0,
        "uf_t": 0.0017556843718682508,
        "uf_v": 0.0,
        "result": "OK"
    }
}